time,Hand_fighting,high_collar_grip,left_hand,left_leg,leg_inside,leg_outside,low_collar_grip,over_hook,posture_gain,posture_lost,reset,right_hand,right_leg,sleeve_grip,stepping_backwards,stepping_foward
38.238,0,0,0,1,0,0,0,0,0,0,0,0,1,0,0,2
39.238,0,0,0,1,0,0,0,0,0,0,0,0,1,0,0,2
40.238,0,0,0,0,0,0,0,0,0,0,0,0,0,0,0,0
41.238,0,0,0,1,0,0,0,0,0,0,0,0,1,0,0,2
42.238,1,0,0,1,0,0,0,0,0,0,0,1,1,0,0,2
43.238,0,0,0,1,0,0,0,0,0,0,0,0,0,0,1,0
44.238,1,0,0,1,0,0,0,0,0,0,0,1,1,0,0,2
45.238,0,0,0,1,0,0,0,0,0,0,0,0,1,0,2,0
46.238,0,0,0,1,0,0,0,0,0,0,0,0,1,0,0,2
47.238,1,0,0,1,0,0,0,0,0,0,0,1,0,0,1,0
48.238,0,0,0,1,0,0,0,0,0,0,0,0,1,0,1,1
49.238,2,0,1,1,0,0,0,0,0,0,0,1,1,0,1,1
50.238,0,0,0,1,0,0,0,0,0,0,0,0,0,0,1,0
51.238,2,0,1,2,0,1,0,0,0,0,0,1,1,0,1,2
52.238,1,0,0,1,0,0,0,0,0,0,0,1,1,0,2,1
53.238,0,0,0,0,0,0,0,0,0,0,0,0,2,0,1,1
54.238,2,0,1,2,0,0,0,0,0,0,0,1,1,0,0,2
55.238,2,0,1,0,0,0,0,0,0,0,0,1,0,0,0,0
56.238,1,0,1,1,0,0,0,0,0,0,0,1,0,0,1,0
57.238,3,0,1,1,0,0,0,0,0,0,0,1,3,0,1,2
58.238,0,0,0,1,0,0,0,0,0,0,0,0,1,0,2,0
59.238,1,0,1,1,0,0,0,0,0,0,0,0,0,0,2,0
60.238,0,0,1,1,0,0,0,0,0,0,0,0,1,0,1,0
61.238,1,0,0,1,0,0,0,0,0,0,0,0,2,1,0,2
62.238,0,0,0,1,0,0,1,0,0,1,0,0,1,1,1,1
63.238,0,0,0,1,1,0,1,0,0,0,0,0,1,1,0,2
64.238,0,0,1,1,0,0,1,0,0,0,0,1,1,1,2,0
65.238,0,0,0,1,0,0,0,0,0,0,0,0,0,0,1,0
66.238,0,0,0,0,0,0,0,0,0,0,0,0,3,0,1,2
67.238,0,0,0,2,0,0,0,0,0,0,0,0,2,0,0,2
68.238,0,0,0,1,0,0,0,0,0,0,0,0,2,0,0,2
69.238,0,0,0,1,0,0,0,0,0,0,0,0,1,0,1,0
70.238,0,0,0,1,0,0,0,0,0,0,0,0,2,0,2,0
71.238,0,0,0,1,0,0,0,0,0,0,0,0,1,0,0,2
72.238,1,0,0,1,0,0,0,0,0,0,0,1,2,0,1,2
73.238,0,0,0,0,0,0,0,0,0,0,0,0,1,0,0,0
74.238,3,0,2,1,0,1,0,0,0,0,0,1,2,0,0,2
75.238,1,0,0,0,0,0,0,0,0,0,0,1,1,0,1,0
76.238,1,0,1,1,0,0,0,0,0,0,0,1,0,0,1,0
77.238,2,0,1,1,0,0,0,0,0,0,0,1,0,0,2,0
78.238,2,0,1,0,0,0,0,0,0,0,0,1,2,0,0,1
79.238,1,0,0,1,0,0,0,0,0,0,0,0,1,0,0,1
80.238,1,0,1,1,0,0,0,0,0,0,0,0,1,0,1,0
81.238,1,0,1,0,0,0,0,0,0,0,0,1,0,0,0,0
82.238,0,0,0,0,0,0,1,0,0,0,0,0,1,0,1,0
83.238,0,0,0,2,0,0,1,0,0,0,0,0,1,0,3,0
84.238,1,0,0,1,0,0,1,0,0,0,0,1,1,0,2,0
85.238,0,0,1,0,0,0,1,0,0,1,0,0,0,0,0,0
86.238,0,0,0,0,0,0,0,0,0,0,0,0,0,0,0,0
87.238,0,0,0,0,0,0,0,0,0,0,1,0,0,0,0,0
88.238,0,0,0,0,0,0,0,0,0,0,0,0,0,0,0,0
89.238,0,0,0,0,0,0,0,0,0,0,0,0,0,0,0,0
90.238,0,0,0,0,0,0,0,0,0,0,0,0,0,0,0,0
91.238,0,0,0,0,0,0,0,0,0,0,0,0,0,0,0,0
92.238,0,0,0,0,0,0,0,0,0,0,0,0,0,0,0,0
93.238,0,0,0,0,0,0,0,0,0,0,0,0,0,0,0,0
94.238,0,0,0,0,0,0,0,0,0,0,0,0,0,0,0,0
95.238,0,0,0,0,0,0,0,0,0,0,0,0,0,0,0,0
96.238,0,0,0,0,0,0,0,0,0,0,0,0,0,0,0,0
97.238,0,0,0,0,0,0,0,0,0,0,0,0,0,0,0,0
98.238,0,0,0,0,0,0,0,0,0,0,1,0,0,0,0,0
99.238,0,0,0,0,0,0,0,0,0,0,1,0,1,0,0,1
100.238,0,0,0,2,0,0,0,0,0,0,0,0,1,0,0,3
101.238,0,0,0,0,0,0,0,0,0,0,0,0,1,0,0,1
102.238,0,0,0,1,0,0,0,0,0,0,0,0,0,0,1,1
103.238,0,0,0,1,0,0,0,0,0,0,0,0,2,0,0,2
104.238,0,0,0,1,0,0,0,0,0,0,0,0,0,0,0,1
105.238,0,0,0,1,0,0,0,0,0,0,0,0,2,0,0,3
106.238,1,0,0,1,0,0,0,0,0,0,0,2,1,0,0,1
107.238,1,0,0,1,0,0,0,0,0,0,0,0,2,0,2,0
108.238,0,0,0,1,0,0,0,0,0,0,0,1,1,0,0,2
109.238,3,0,1,0,0,0,0,0,0,0,0,1,2,0,1,1
110.238,2,0,2,1,0,0,0,0,0,0,0,0,0,0,1,0
111.238,2,0,1,1,0,0,0,0,0,0,0,1,1,0,2,0
112.238,1,0,0,1,0,0,0,0,0,0,0,1,1,0,2,0
113.238,2,0,1,1,0,0,0,0,0,0,0,1,1,0,2,0
114.238,2,0,2,1,0,0,0,0,0,0,0,1,1,0,1,0
115.238,2,0,0,1,1,0,0,0,0,0,0,1,2,0,2,0
116.238,1,0,1,2,0,0,0,0,0,0,0,1,1,0,3,0
117.238,1,0,1,1,0,1,0,0,0,0,0,0,1,1,1,1
118.238,1,0,1,1,0,0,0,0,0,0,0,0,1,1,2,0
119.238,0,0,0,0,0,0,0,0,0,0,0,0,1,1,1,0
120.238,1,0,1,1,0,0,0,0,0,0,0,0,0,1,1,0
121.238,1,0,1,1,1,0,0,0,0,0,0,0,1,1,1,1
122.238,1,0,1,0,0,0,0,0,0,0,0,0,1,1,1,0
123.238,0,0,0,1,0,0,0,0,0,0,0,0,0,1,1,0
124.238,0,0,0,1,0,0,0,0,0,0,0,0,0,1,1,0
125.238,0,0,0,1,0,0,0,0,0,0,0,1,1,1,3,0
126.238,1,0,1,1,0,0,0,0,0,0,0,0,2,0,2,0
127.238,0,0,0,1,0,0,0,0,0,0,0,0,1,0,2,0
128.238,1,0,0,1,0,0,0,0,0,0,0,0,1,0,2,0
129.238,1,0,1,0,0,0,0,0,0,0,0,1,0,0,0,0
130.238,0,0,1,1,0,0,0,0,0,0,0,0,1,1,2,0
131.238,0,1,0,1,0,0,0,0,0,0,0,0,1,1,0,2
132.238,0,1,0,1,0,0,0,0,0,0,0,0,1,1,0,2
133.238,0,1,0,0,0,0,0,0,0,0,0,0,0,1,0,0
134.238,0,1,1,1,0,0,0,0,0,0,0,0,0,1,1,0
135.238,0,0,0,1,0,0,0,0,0,0,0,0,1,1,2,0
136.238,0,0,0,1,1,0,0,0,0,0,0,0,1,1,0,2
137.238,1,0,1,1,0,0,0,0,0,0,0,0,0,1,1,0
138.238,0,0,0,0,0,0,0,0,0,0,0,0,1,1,1,0
139.238,0,0,0,0,0,0,0,0,0,0,0,0,1,1,1,0
140.238,0,0,0,1,0,0,0,0,0,0,0,1,0,1,1,0
141.238,0,0,0,1,0,0,0,0,0,1,0,0,1,0,2,0
142.238,0,0,0,0,0,0,0,0,0,0,0,0,1,0,1,0
143.238,0,0,0,1,0,0,0,0,0,0,0,0,0,0,1,0
144.238,0,0,0,0,0,0,0,0,0,0,0,0,0,0,0,0
145.238,0,0,0,0,0,0,0,0,0,0,1,0,0,0,0,0
146.238,0,0,0,0,0,0,0,0,0,0,0,0,0,0,0,0
147.238,0,0,0,0,0,0,0,0,0,0,0,0,0,0,0,0
148.238,0,0,0,0,0,0,0,0,0,0,0,0,0,0,0,0
149.238,0,0,0,0,0,0,0,0,0,0,0,0,0,0,0,0
150.238,0,0,0,0,0,0,0,0,0,0,0,0,0,0,0,0
151.238,0,0,0,0,0,0,0,0,0,0,0,0,0,0,0,0
152.238,0,0,0,0,0,0,0,0,0,0,0,0,0,0,0,0
153.238,0,0,0,0,0,0,0,0,0,0,0,0,0,0,0,0
154.238,0,0,0,0,0,0,0,0,0,0,0,0,0,0,0,0
155.238,0,0,0,0,0,0,0,0,0,0,1,0,0,0,0,0
156.238,0,0,0,1,0,0,0,0,0,0,0,0,1,0,0,2
157.238,0,0,0,1,0,0,0,0,0,0,0,0,2,0,1,2
158.238,0,0,0,1,0,0,0,0,0,0,0,0,2,0,1,0
159.238,0,0,0,0,0,0,0,0,0,0,0,0,0,0,0,0
160.238,1,0,1,2,0,0,0,0,0,0,0,0,1,0,3,0
161.238,0,0,0,0,0,0,0,0,0,0,0,1,1,0,1,0
162.238,1,0,0,1,0,0,0,0,0,0,0,0,1,0,2,0
163.238,2,0,1,1,0,0,0,0,0,0,0,1,1,0,0,2
164.238,0,0,0,0,0,0,0,0,0,0,0,0,0,0,0,0
165.238,0,0,0,1,0,0,0,0,0,0,0,0,0,0,2,0
166.238,2,0,1,1,0,0,0,0,0,0,0,1,2,0,0,2
167.238,0,0,0,1,0,0,0,0,0,0,0,0,0,0,0,1
168.238,0,0,0,1,0,0,0,0,0,0,0,0,1,0,0,2
169.238,2,0,1,1,0,0,0,0,0,0,0,1,1,0,1,1
170.238,0,0,0,1,0,0,0,0,0,0,0,0,2,0,1,1
171.238,3,0,1,1,0,0,0,0,0,0,0,2,1,0,1,2
172.238,0,0,0,1,0,0,0,0,0,0,0,0,1,0,2,0
173.238,0,0,1,1,0,0,0,0,0,0,0,0,0,0,2,0
174.238,1,0,0,1,0,0,0,0,0,0,0,0,1,0,1,0
175.238,0,0,0,1,0,0,0,0,0,0,0,0,1,0,1,1
176.238,0,0,0,1,1,0,0,0,0,0,0,0,2,0,0,3
177.238,0,0,0,1,0,0,0,0,0,0,0,0,2,0,3,0
178.238,0,0,0,1,0,0,0,0,0,0,0,1,1,0,2,0
179.238,0,0,0,1,0,0,0,0,0,0,0,0,0,1,1,0
180.238,0,0,0,1,0,0,0,0,0,0,0,0,1,1,1,1
181.238,0,0,0,0,0,0,0,0,0,0,0,0,1,1,0,1
182.238,0,0,0,1,0,0,0,0,0,0,0,0,1,1,2,0
183.238,1,0,1,0,0,0,0,0,0,0,0,0,0,1,0,0
184.238,0,0,0,1,0,0,0,0,0,0,0,0,0,1,2,0
185.238,0,0,1,1,1,0,0,0,0,0,0,0,2,1,1,1
186.238,0,0,0,1,0,0,1,0,0,0,0,0,1,1,2,0
187.238,0,0,0,1,0,0,1,0,0,1,0,0,1,1,2,0
188.238,0,0,1,1,0,0,1,0,0,0,0,0,1,1,2,0
189.238,0,0,0,0,0,0,0,0,0,0,0,0,1,1,1,0
190.238,0,0,0,1,0,0,0,0,0,0,0,0,0,1,1,0
191.238,0,0,0,0,0,0,0,0,0,0,0,0,0,1,0,0
192.238,0,0,1,1,0,0,0,0,0,0,0,0,1,1,2,0
193.238,0,0,0,2,1,0,1,0,0,0,0,0,1,1,2,1
194.238,0,0,1,0,0,0,1,0,0,1,0,1,0,1,0,0
195.238,0,0,0,0,0,0,0,0,0,0,0,0,0,0,0,0
196.238,0,0,0,0,0,0,0,0,0,0,1,0,0,0,0,0
197.238,0,0,0,0,0,0,0,0,0,0,0,0,0,0,0,0
198.238,0,0,0,0,0,0,0,0,0,0,0,0,0,0,0,0
199.238,0,0,0,0,0,0,0,0,0,0,0,0,0,0,0,0
200.238,0,0,0,0,0,0,0,0,0,0,0,0,0,0,0,0
201.238,0,0,0,0,0,0,0,0,0,0,0,0,0,0,0,0
202.238,0,0,0,0,0,0,0,0,0,0,0,0,0,0,0,0
203.238,0,0,0,0,0,0,0,0,0,0,0,0,0,0,0,0
204.238,0,0,0,0,0,0,0,0,0,0,0,0,0,0,0,0
205.238,0,0,0,0,0,0,0,0,0,0,0,0,0,0,0,0
206.238,0,0,0,0,0,0,0,0,0,0,0,0,0,0,0,0
207.238,0,0,0,0,0,0,0,0,0,0,0,0,0,0,0,0
208.238,0,0,0,0,0,0,0,0,0,0,0,0,0,0,0,0
209.238,0,0,0,0,0,0,0,0,0,0,0,0,0,0,0,0
210.238,0,0,0,0,0,0,0,0,0,0,0,0,0,0,0,0
211.238,0,0,0,0,0,0,0,0,0,0,1,0,0,0,0,0
212.238,0,0,0,1,0,0,0,0,0,0,0,0,2,0,0,4
213.238,0,0,0,2,0,0,0,0,0,0,0,0,1,0,0,2
214.238,0,0,0,1,0,0,0,0,0,0,0,0,1,0,1,1
215.238,0,0,0,1,0,0,0,0,0,0,0,0,1,0,0,2
216.238,0,0,0,1,0,0,0,0,0,0,0,0,1,0,2,0
217.238,0,0,0,0,0,0,0,0,0,0,0,0,1,0,0,1
218.238,2,0,1,2,0,0,0,0,0,0,0,1,1,0,2,1
219.238,0,0,0,1,0,0,0,0,0,0,0,0,0,0,0,1
220.238,2,0,1,1,0,0,0,0,0,0,0,1,1,0,1,1
221.238,0,0,0,1,0,0,0,0,0,0,0,0,1,0,2,0
222.238,1,0,1,1,0,0,0,0,0,0,0,0,1,0,0,2
223.238,1,0,0,1,0,0,0,0,0,0,0,1,0,0,0,1
224.238,1,0,1,1,0,0,0,0,0,0,0,0,1,0,2,0
225.238,1,0,0,1,0,0,0,0,0,0,0,1,0,0,2,0
226.238,0,0,0,0,0,0,0,0,0,0,0,0,1,0,0,0
227.238,1,0,0,1,0,0,0,0,0,0,0,1,1,0,2,0
228.238,0,0,0,1,0,0,0,0,0,0,0,0,0,0,1,0
229.238,0,0,0,0,0,0,0,0,0,0,0,0,1,0,1,0
230.238,1,0,0,1,0,0,0,0,0,0,0,1,1,0,2,0
231.238,1,0,1,1,0,0,0,0,0,0,0,1,1,0,2,0
232.238,0,0,0,0,0,0,1,0,0,0,0,0,0,0,0,0
233.238,0,0,0,1,0,0,1,0,0,0,0,0,1,0,2,0
234.238,0,0,0,0,0,0,1,0,0,0,0,0,1,0,1,0
235.238,0,0,1,1,0,0,1,0,0,0,0,0,0,0,1,0
236.238,0,0,0,1,0,0,0,0,0,0,0,1,1,0,3,0
237.238,0,0,0,1,0,0,0,0,0,0,0,0,1,1,1,0
238.238,0,0,0,2,0,0,0,0,0,0,0,0,1,1,3,0
239.238,0,0,0,0,0,0,0,0,0,0,0,0,1,1,2,0
240.238,0,0,0,0,0,0,0,0,0,0,0,0,1,1,0,1
241.238,0,0,0,2,0,0,0,0,0,0,0,0,0,1,1,1
242.238,0,0,0,1,0,0,0,0,0,0,0,0,1,1,2,0
243.238,0,0,0,0,1,0,0,0,0,0,0,1,2,1,1,1
244.238,0,0,0,1,0,0,0,0,0,1,0,0,0,0,2,0
245.238,0,0,0,0,0,0,0,0,0,0,0,0,1,0,0,0
246.238,0,0,0,0,0,0,0,0,0,0,1,0,0,0,0,0
